PRAGMA foreign_keys=OFF;
BEGIN TRANSACTION;
CREATE TABLE IF NOT EXISTS "django_migrations" ("id" integer NOT NULL PRIMARY KEY AUTOINCREMENT, "app" varchar(255) NOT NULL, "name" varchar(255) NOT NULL, "applied" datetime NOT NULL);
INSERT INTO django_migrations VALUES(1,'contenttypes','0001_initial','2025-02-18 15:44:44.576088');
INSERT INTO django_migrations VALUES(2,'contenttypes','0002_remove_content_type_name','2025-02-18 15:44:44.673859');
INSERT INTO django_migrations VALUES(3,'auth','0001_initial','2025-02-18 15:44:44.885052');
INSERT INTO django_migrations VALUES(4,'auth','0002_alter_permission_name_max_length','2025-02-18 15:44:45.030543');
INSERT INTO django_migrations VALUES(5,'auth','0003_alter_user_email_max_length','2025-02-18 15:44:45.122572');
INSERT INTO django_migrations VALUES(6,'auth','0004_alter_user_username_opts','2025-02-18 15:44:45.180741');
INSERT INTO django_migrations VALUES(7,'auth','0005_alter_user_last_login_null','2025-02-18 15:44:45.247304');
INSERT INTO django_migrations VALUES(8,'auth','0006_require_contenttypes_0002','2025-02-18 15:44:45.309039');
INSERT INTO django_migrations VALUES(9,'auth','0007_alter_validators_add_error_messages','2025-02-18 15:44:45.400885');
INSERT INTO django_migrations VALUES(10,'auth','0008_alter_user_username_max_length','2025-02-18 15:44:45.496012');
INSERT INTO django_migrations VALUES(11,'auth','0009_alter_user_last_name_max_length','2025-02-18 15:44:45.619774');
INSERT INTO django_migrations VALUES(12,'auth','0010_alter_group_name_max_length','2025-02-18 15:44:45.741065');
INSERT INTO django_migrations VALUES(13,'auth','0011_update_proxy_permissions','2025-02-18 15:44:45.880252');
INSERT INTO django_migrations VALUES(14,'auth','0012_alter_user_first_name_max_length','2025-02-18 15:44:45.969863');
INSERT INTO django_migrations VALUES(15,'files','0001_initial','2025-02-18 15:44:46.174467');
INSERT INTO django_migrations VALUES(16,'Authentication','0001_initial','2025-02-18 15:44:46.452352');
INSERT INTO django_migrations VALUES(17,'admin','0001_initial','2025-02-18 15:44:46.718575');
INSERT INTO django_migrations VALUES(18,'admin','0002_logentry_remove_auto_add','2025-02-18 15:44:46.785517');
INSERT INTO django_migrations VALUES(19,'admin','0003_logentry_add_action_flag_choices','2025-02-18 15:44:46.883796');
INSERT INTO django_migrations VALUES(20,'sessions','0001_initial','2025-02-18 15:44:47.043056');
INSERT INTO django_migrations VALUES(21,'files','0002_remove_permissionsetting_action_and_more','2025-02-18 16:13:01.320819');
INSERT INTO django_migrations VALUES(22,'files','0003_alter_permissionsetting_actions','2025-02-18 16:13:01.441363');
INSERT INTO django_migrations VALUES(23,'files','0004_remove_filesystem_mirror_file_path_and_more','2025-02-20 12:27:21.975050');
INSERT INTO django_migrations VALUES(24,'files','0005_filesystem_description','2025-02-21 06:13:16.758256');
INSERT INTO django_migrations VALUES(25,'files','0006_rename_type_filesystem_file_type','2025-02-21 06:17:36.940491');
INSERT INTO django_migrations VALUES(26,'files','0007_remove_filesystem_file_type','2025-02-21 06:20:44.504305');
INSERT INTO django_migrations VALUES(27,'files','0008_filesystem_disapproval_reason','2025-02-23 10:35:50.240937');
INSERT INTO django_migrations VALUES(28,'files','0009_alter_permissionsetting_allowed_filter_fields','2025-02-24 18:24:22.085779');
INSERT INTO django_migrations VALUES(29,'files','0010_popularsearch_searchquery_remove_filesystem_year','2025-02-25 12:58:17.889591');
INSERT INTO django_migrations VALUES(30,'files','0011_alter_popularsearch_options_and_more','2025-02-27 10:38:33.824047');
INSERT INTO django_migrations VALUES(31,'Authentication','0002_student_department_id','2025-02-27 10:38:34.061058');
CREATE TABLE IF NOT EXISTS "django_content_type" ("id" integer NOT NULL PRIMARY KEY AUTOINCREMENT, "app_label" varchar(100) NOT NULL, "model" varchar(100) NOT NULL);
INSERT INTO django_content_type VALUES(1,'admin','logentry');
INSERT INTO django_content_type VALUES(2,'auth','permission');
INSERT INTO django_content_type VALUES(3,'auth','group');
INSERT INTO django_content_type VALUES(4,'contenttypes','contenttype');
INSERT INTO django_content_type VALUES(5,'sessions','session');
INSERT INTO django_content_type VALUES(6,'Authentication','guest');
INSERT INTO django_content_type VALUES(7,'Authentication','librarian');
INSERT INTO django_content_type VALUES(8,'Authentication','student');
INSERT INTO django_content_type VALUES(9,'Authentication','departmenthead');
INSERT INTO django_content_type VALUES(10,'Authentication','teacher');
INSERT INTO django_content_type VALUES(11,'files','departmentlist');
INSERT INTO django_content_type VALUES(12,'files','history');
INSERT INTO django_content_type VALUES(13,'files','notification');
INSERT INTO django_content_type VALUES(14,'files','permissionsetting');
INSERT INTO django_content_type VALUES(15,'files','request');
INSERT INTO django_content_type VALUES(16,'files','customuser');
INSERT INTO django_content_type VALUES(17,'files','filesystem');
INSERT INTO django_content_type VALUES(18,'files','download');
INSERT INTO django_content_type VALUES(19,'files','popularsearch');
INSERT INTO django_content_type VALUES(20,'files','searchquery');
CREATE TABLE IF NOT EXISTS "auth_group_permissions" ("id" integer NOT NULL PRIMARY KEY AUTOINCREMENT, "group_id" integer NOT NULL REFERENCES "auth_group" ("id") DEFERRABLE INITIALLY DEFERRED, "permission_id" integer NOT NULL REFERENCES "auth_permission" ("id") DEFERRABLE INITIALLY DEFERRED);
CREATE TABLE IF NOT EXISTS "auth_permission" ("id" integer NOT NULL PRIMARY KEY AUTOINCREMENT, "content_type_id" integer NOT NULL REFERENCES "django_content_type" ("id") DEFERRABLE INITIALLY DEFERRED, "codename" varchar(100) NOT NULL, "name" varchar(255) NOT NULL);
INSERT INTO auth_permission VALUES(1,1,'add_logentry','Can add log entry');
INSERT INTO auth_permission VALUES(2,1,'change_logentry','Can change log entry');
INSERT INTO auth_permission VALUES(3,1,'delete_logentry','Can delete log entry');
INSERT INTO auth_permission VALUES(4,1,'view_logentry','Can view log entry');
INSERT INTO auth_permission VALUES(5,2,'add_permission','Can add permission');
INSERT INTO auth_permission VALUES(6,2,'change_permission','Can change permission');
INSERT INTO auth_permission VALUES(7,2,'delete_permission','Can delete permission');
INSERT INTO auth_permission VALUES(8,2,'view_permission','Can view permission');
INSERT INTO auth_permission VALUES(9,3,'add_group','Can add group');
INSERT INTO auth_permission VALUES(10,3,'change_group','Can change group');
INSERT INTO auth_permission VALUES(11,3,'delete_group','Can delete group');
INSERT INTO auth_permission VALUES(12,3,'view_group','Can view group');
INSERT INTO auth_permission VALUES(13,4,'add_contenttype','Can add content type');
INSERT INTO auth_permission VALUES(14,4,'change_contenttype','Can change content type');
INSERT INTO auth_permission VALUES(15,4,'delete_contenttype','Can delete content type');
INSERT INTO auth_permission VALUES(16,4,'view_contenttype','Can view content type');
INSERT INTO auth_permission VALUES(17,5,'add_session','Can add session');
INSERT INTO auth_permission VALUES(18,5,'change_session','Can change session');
INSERT INTO auth_permission VALUES(19,5,'delete_session','Can delete session');
INSERT INTO auth_permission VALUES(20,5,'view_session','Can view session');
INSERT INTO auth_permission VALUES(21,6,'add_guest','Can add guest');
INSERT INTO auth_permission VALUES(22,6,'change_guest','Can change guest');
INSERT INTO auth_permission VALUES(23,6,'delete_guest','Can delete guest');
INSERT INTO auth_permission VALUES(24,6,'view_guest','Can view guest');
INSERT INTO auth_permission VALUES(25,7,'add_librarian','Can add librarian');
INSERT INTO auth_permission VALUES(26,7,'change_librarian','Can change librarian');
INSERT INTO auth_permission VALUES(27,7,'delete_librarian','Can delete librarian');
INSERT INTO auth_permission VALUES(28,7,'view_librarian','Can view librarian');
INSERT INTO auth_permission VALUES(29,8,'add_student','Can add student');
INSERT INTO auth_permission VALUES(30,8,'change_student','Can change student');
INSERT INTO auth_permission VALUES(31,8,'delete_student','Can delete student');
INSERT INTO auth_permission VALUES(32,8,'view_student','Can view student');
INSERT INTO auth_permission VALUES(33,9,'add_departmenthead','Can add department head');
INSERT INTO auth_permission VALUES(34,9,'change_departmenthead','Can change department head');
INSERT INTO auth_permission VALUES(35,9,'delete_departmenthead','Can delete department head');
INSERT INTO auth_permission VALUES(36,9,'view_departmenthead','Can view department head');
INSERT INTO auth_permission VALUES(37,10,'add_teacher','Can add teacher');
INSERT INTO auth_permission VALUES(38,10,'change_teacher','Can change teacher');
INSERT INTO auth_permission VALUES(39,10,'delete_teacher','Can delete teacher');
INSERT INTO auth_permission VALUES(40,10,'view_teacher','Can view teacher');
INSERT INTO auth_permission VALUES(41,11,'add_departmentlist','Can add department list');
INSERT INTO auth_permission VALUES(42,11,'change_departmentlist','Can change department list');
INSERT INTO auth_permission VALUES(43,11,'delete_departmentlist','Can delete department list');
INSERT INTO auth_permission VALUES(44,11,'view_departmentlist','Can view department list');
INSERT INTO auth_permission VALUES(45,12,'add_history','Can add history');
INSERT INTO auth_permission VALUES(46,12,'change_history','Can change history');
INSERT INTO auth_permission VALUES(47,12,'delete_history','Can delete history');
INSERT INTO auth_permission VALUES(48,12,'view_history','Can view history');
INSERT INTO auth_permission VALUES(49,13,'add_notification','Can add notification');
INSERT INTO auth_permission VALUES(50,13,'change_notification','Can change notification');
INSERT INTO auth_permission VALUES(51,13,'delete_notification','Can delete notification');
INSERT INTO auth_permission VALUES(52,13,'view_notification','Can view notification');
INSERT INTO auth_permission VALUES(53,14,'add_permissionsetting','Can add permission setting');
INSERT INTO auth_permission VALUES(54,14,'change_permissionsetting','Can change permission setting');
INSERT INTO auth_permission VALUES(55,14,'delete_permissionsetting','Can delete permission setting');
INSERT INTO auth_permission VALUES(56,14,'view_permissionsetting','Can view permission setting');
INSERT INTO auth_permission VALUES(57,15,'add_request','Can add request');
INSERT INTO auth_permission VALUES(58,15,'change_request','Can change request');
INSERT INTO auth_permission VALUES(59,15,'delete_request','Can delete request');
INSERT INTO auth_permission VALUES(60,15,'view_request','Can view request');
INSERT INTO auth_permission VALUES(61,16,'add_customuser','Can add user');
INSERT INTO auth_permission VALUES(62,16,'change_customuser','Can change user');
INSERT INTO auth_permission VALUES(63,16,'delete_customuser','Can delete user');
INSERT INTO auth_permission VALUES(64,16,'view_customuser','Can view user');
INSERT INTO auth_permission VALUES(65,17,'add_filesystem','Can add file system');
INSERT INTO auth_permission VALUES(66,17,'change_filesystem','Can change file system');
INSERT INTO auth_permission VALUES(67,17,'delete_filesystem','Can delete file system');
INSERT INTO auth_permission VALUES(68,17,'view_filesystem','Can view file system');
INSERT INTO auth_permission VALUES(69,18,'add_download','Can add download');
INSERT INTO auth_permission VALUES(70,18,'change_download','Can change download');
INSERT INTO auth_permission VALUES(71,18,'delete_download','Can delete download');
INSERT INTO auth_permission VALUES(72,18,'view_download','Can view download');
INSERT INTO auth_permission VALUES(73,19,'add_popularsearch','Can add popular search');
INSERT INTO auth_permission VALUES(74,19,'change_popularsearch','Can change popular search');
INSERT INTO auth_permission VALUES(75,19,'delete_popularsearch','Can delete popular search');
INSERT INTO auth_permission VALUES(76,19,'view_popularsearch','Can view popular search');
INSERT INTO auth_permission VALUES(77,20,'add_searchquery','Can add search query');
INSERT INTO auth_permission VALUES(78,20,'change_searchquery','Can change search query');
INSERT INTO auth_permission VALUES(79,20,'delete_searchquery','Can delete search query');
INSERT INTO auth_permission VALUES(80,20,'view_searchquery','Can view search query');
CREATE TABLE IF NOT EXISTS "auth_group" ("id" integer NOT NULL PRIMARY KEY AUTOINCREMENT, "name" varchar(150) NOT NULL UNIQUE);
CREATE TABLE IF NOT EXISTS "files_departmentlist" ("id" char(32) NOT NULL PRIMARY KEY, "name" varchar(255) NOT NULL UNIQUE, "file_count" integer unsigned NOT NULL CHECK ("file_count" >= 0), "download_total" integer unsigned NOT NULL CHECK ("download_total" >= 0), "history_total" integer unsigned NOT NULL CHECK ("history_total" >= 0), "unapproved_files" integer unsigned NOT NULL CHECK ("unapproved_files" >= 0), "created_at" datetime NOT NULL, "updated_time" datetime NOT NULL);
INSERT INTO files_departmentlist VALUES('be1b0f6bf5d04971a1afc6d500271f3f','computer science',5,3,0,0,'2025-02-20 07:02:28.941573','2025-03-06 12:37:29.026593');
CREATE TABLE IF NOT EXISTS "files_history" ("id" char(32) NOT NULL PRIMARY KEY, "user_history_id" char(32) NOT NULL, "action" varchar(255) NOT NULL, "created_at" datetime NOT NULL, "updated_time" datetime NOT NULL);
INSERT INTO files_history VALUES('c071e6793dc241d3a5dcf504a49e7765','61d52c6beceb450aa5ba6387ab8b74bd','Deleted a file : One file','2025-02-27 18:09:17.346562','2025-02-27 18:09:17.364550');
INSERT INTO files_history VALUES('b59e5249f4f9462cb6205fd928520ad5','61d52c6beceb450aa5ba6387ab8b74bd','One file','2025-02-27 18:10:21.238412','2025-02-27 18:10:21.239576');
INSERT INTO files_history VALUES('df8554d8cc6643dfa1243a300dbfd2fa','61d52c6beceb450aa5ba6387ab8b74bd','One file','2025-02-27 18:12:04.037656','2025-02-27 18:12:04.043831');
INSERT INTO files_history VALUES('e18bc4d9a3804f878edbbc1edf88c02f','61d52c6beceb450aa5ba6387ab8b74bd','updated a file : now','2025-02-27 18:13:46.002656','2025-02-27 18:13:46.013695');
INSERT INTO files_history VALUES('38f22f8f4980439593055675858150ab','61d52c6beceb450aa5ba6387ab8b74bd','updated a file : now2222','2025-02-27 18:39:39.165055','2025-02-27 18:39:39.166007');
CREATE TABLE IF NOT EXISTS "files_notification" ("id" char(32) NOT NULL PRIMARY KEY, "user_id" char(32) NOT NULL, "message" varchar(255) NOT NULL, "notification_date" datetime NOT NULL, "is_read" bool NOT NULL, "created_at" datetime NOT NULL, "updated_time" datetime NOT NULL);
CREATE TABLE IF NOT EXISTS "files_request" ("id" integer NOT NULL PRIMARY KEY AUTOINCREMENT, "user_request_id" char(32) NOT NULL, "requested_file_id" char(32) NOT NULL, "description" varchar(255) NOT NULL, "status" varchar(50) NOT NULL, "created_at" datetime NOT NULL, "updated_time" datetime NOT NULL);
INSERT INTO files_request VALUES(7,'aac965bb508e4890aa9e63f74dab2f6e','1303f85a20c7423c8be3c64a8b3f1b69','User wow with email kalebademkisho@gmail.com requested access to wow.','Pending','2025-03-06 12:44:28.615906','2025-03-06 12:44:28.641668');
INSERT INTO files_request VALUES(8,'aac965bb508e4890aa9e63f74dab2f6e','066bbf2fe2d54eb1a1de261d219b9323','User wow with email kalebademkisho@gmail.com requested access to the cs book.','Pending','2025-03-07 13:19:14.699775','2025-03-07 13:19:14.711379');
CREATE TABLE IF NOT EXISTS "files_customuser" ("id" integer NOT NULL PRIMARY KEY AUTOINCREMENT, "password" varchar(128) NOT NULL, "last_login" datetime NULL, "is_superuser" bool NOT NULL, "username" varchar(150) NOT NULL UNIQUE, "first_name" varchar(150) NOT NULL, "last_name" varchar(150) NOT NULL, "email" varchar(254) NOT NULL, "is_staff" bool NOT NULL, "is_active" bool NOT NULL, "date_joined" datetime NOT NULL, "role" varchar(50) NOT NULL, "department" varchar(255) NULL);
INSERT INTO files_customuser VALUES(1,'pbkdf2_sha256$720000$Pmqhub2CaJuwuuE6UxA55w$IdU8XmSBTNqL+RaBv6Bx058lHav7erz6oxKUIYHwC+w=','2025-03-06 05:43:27.832237',1,'cala','','','',1,1,'2025-02-18 15:47:15.037226','teacher',NULL);
CREATE TABLE IF NOT EXISTS "files_customuser_groups" ("id" integer NOT NULL PRIMARY KEY AUTOINCREMENT, "customuser_id" bigint NOT NULL REFERENCES "files_customuser" ("id") DEFERRABLE INITIALLY DEFERRED, "group_id" integer NOT NULL REFERENCES "auth_group" ("id") DEFERRABLE INITIALLY DEFERRED);
CREATE TABLE IF NOT EXISTS "files_customuser_user_permissions" ("id" integer NOT NULL PRIMARY KEY AUTOINCREMENT, "customuser_id" bigint NOT NULL REFERENCES "files_customuser" ("id") DEFERRABLE INITIALLY DEFERRED, "permission_id" integer NOT NULL REFERENCES "auth_permission" ("id") DEFERRABLE INITIALLY DEFERRED);
CREATE TABLE IF NOT EXISTS "files_download" ("id" char(32) NOT NULL PRIMARY KEY, "user_id" char(32) NOT NULL, "download_date" datetime NOT NULL, "created_at" datetime NOT NULL, "updated_time" datetime NOT NULL, "file_id_id" char(32) NOT NULL REFERENCES "files_filesystem" ("id") DEFERRABLE INITIALLY DEFERRED);
CREATE TABLE IF NOT EXISTS "Authentication_guest" ("id" char(32) NOT NULL PRIMARY KEY, "username" varchar(255) NOT NULL, "email" varchar(254) NOT NULL UNIQUE, "password" varchar(255) NOT NULL, "request_id" char(32) NOT NULL, "history_id" char(32) NOT NULL, "is_verified" bool NOT NULL, "email_verification_token" varchar(100) NULL UNIQUE, "created_at" datetime NOT NULL, "updated_time" datetime NOT NULL, "is_active" bool NOT NULL);
INSERT INTO Authentication_guest VALUES('aac965bb508e4890aa9e63f74dab2f6e','wow','kalebademkisho@gmail.com','pbkdf2_sha256$720000$BFzh8MIKJeQOrM31zBDDDJ$AO/VdCJL2YvTDiYUzGt26FZNH21Wft+V3I8+qw/lRek=','62d5a70ea71b4204a1ccee8807103b1b','302ff8cae48d483885ea8565635d6c5a',1,NULL,'2025-03-06 11:44:07.022727','2025-03-06 11:44:44.386959',1);
CREATE TABLE IF NOT EXISTS "Authentication_librarian" ("id" char(32) NOT NULL PRIMARY KEY, "first_name" varchar(255) NOT NULL, "middle_name" varchar(255) NULL, "last_name" varchar(255) NOT NULL, "profile_image" varchar(100) NULL, "email" varchar(254) NULL UNIQUE, "institutional_email" varchar(254) NOT NULL UNIQUE, "password" varchar(255) NOT NULL, "created_at" datetime NOT NULL, "updated_time" datetime NOT NULL, "is_active" bool NOT NULL);
INSERT INTO Authentication_librarian VALUES('1e19d2a7e4fd4109af937755dd718ec8','kaleb','adem','kisho','profile_images/Drawing7wdjwbwjd_G2csg3D.jpg','kalebademkisho@gmail.com','kalebk264@dclibrarian.edu.et','pbkdf2_sha256$720000$HQ52vdJlpW7Xeg8w1IhWlz$+l9lLlgQ4XW4DUBADLbd1pgbFmJw1qnB57rO9+5EEQE=','2025-02-28 13:04:20.727640','2025-02-28 13:04:21.391179',1);
CREATE TABLE IF NOT EXISTS "Authentication_student" ("id" char(32) NOT NULL PRIMARY KEY, "first_name" varchar(255) NOT NULL, "middle_name" varchar(255) NULL, "last_name" varchar(255) NOT NULL, "department" varchar(255) NOT NULL, "year" integer NOT NULL, "profile_image" varchar(100) NULL, "email" varchar(254) NULL UNIQUE, "institutional_email" varchar(254) NOT NULL UNIQUE, "password" varchar(255) NOT NULL, "ask_for_forget_password" bool NOT NULL, "history_id" char(32) NOT NULL, "created_at" datetime NOT NULL, "updated_time" datetime NOT NULL, "is_active" bool NOT NULL, "department_id_id" char(32) NULL REFERENCES "files_departmentlist" ("id") DEFERRABLE INITIALLY DEFERRED);
INSERT INTO Authentication_student VALUES('61d52c6beceb450aa5ba6387ab8b74bd','kaleb','adem','kisho','computer science',4,'profile_images/Drawing5wvswuwav_lp5cUsE.jpg','kalebademkisho@gmail.com','kalebk752@dcstudents.edu.et','pbkdf2_sha256$720000$Iydk5atV7K5kNt56gf5KjU$y++Yg/mdrYtIWN5PYZoq54R+Ch32R0hBELNr6SaPMMU=',0,'fde7c8e528784636b23f49cb397b2c79','2025-02-27 10:45:06.697613','2025-02-27 10:45:37.040575',1,'be1b0f6bf5d04971a1afc6d500271f3f');
CREATE TABLE IF NOT EXISTS "Authentication_departmenthead" ("id" char(32) NOT NULL PRIMARY KEY, "first_name" varchar(255) NOT NULL, "middle_name" varchar(255) NULL, "last_name" varchar(255) NOT NULL, "department" varchar(255) NOT NULL UNIQUE, "profile_image" varchar(100) NULL, "email" varchar(254) NULL UNIQUE, "institutional_email" varchar(254) NOT NULL UNIQUE, "password" varchar(255) NOT NULL, "created_at" datetime NOT NULL, "updated_time" datetime NOT NULL, "is_active" bool NOT NULL, "department_id_id" char(32) NULL REFERENCES "files_departmentlist" ("id") DEFERRABLE INITIALLY DEFERRED);
INSERT INTO Authentication_departmenthead VALUES('778a2acb9675496f858414ae90cf216b','kaleb','adem','kisho','computer science','profile_images/Drawing5wvswuwav_w8OPDmE.jpg','kalebademkisho@gmail.com','kalebk299@dcdh.edu.et','pbkdf2_sha256$720000$CNyo7CXeeZHuLbsqO99gx8$f2Jpw2gFGtYFwfdsfPFBduEuHDVyRl5Xu0dDXPZf3Z4=','2025-02-20 07:02:28.521894','2025-02-20 07:02:33.370098',1,'be1b0f6bf5d04971a1afc6d500271f3f');
CREATE TABLE IF NOT EXISTS "Authentication_teacher" ("id" char(32) NOT NULL PRIMARY KEY, "first_name" varchar(255) NOT NULL, "middle_name" varchar(255) NULL, "last_name" varchar(255) NOT NULL, "department" varchar(255) NOT NULL, "profile_image" varchar(100) NULL, "email" varchar(254) NULL UNIQUE, "institutional_email" varchar(254) NOT NULL UNIQUE, "password" varchar(255) NOT NULL, "created_at" datetime NOT NULL, "updated_time" datetime NOT NULL, "is_active" bool NOT NULL, "department_id_id" char(32) NULL REFERENCES "files_departmentlist" ("id") DEFERRABLE INITIALLY DEFERRED);
CREATE TABLE IF NOT EXISTS "django_admin_log" ("id" integer NOT NULL PRIMARY KEY AUTOINCREMENT, "object_id" text NULL, "object_repr" varchar(200) NOT NULL, "action_flag" smallint unsigned NOT NULL CHECK ("action_flag" >= 0), "change_message" text NOT NULL, "content_type_id" integer NULL REFERENCES "django_content_type" ("id") DEFERRABLE INITIALLY DEFERRED, "user_id" bigint NOT NULL REFERENCES "files_customuser" ("id") DEFERRABLE INITIALLY DEFERRED, "action_time" datetime NOT NULL);
INSERT INTO django_admin_log VALUES(1,'ce28a292-6f1a-41b0-bde5-567f3a4aece5','department_head - GET - True',1,'[{"added": {}}]',14,1,'2025-02-18 16:02:49.077812');
INSERT INTO django_admin_log VALUES(2,'ce28a292-6f1a-41b0-bde5-567f3a4aece5','department_head - GET - True',2,'[]',14,1,'2025-02-18 16:02:57.733661');
INSERT INTO django_admin_log VALUES(3,'2658c8b4-dbd3-49aa-9b56-5202b2ae76c1','teacher - GET - False',1,'[{"added": {}}]',14,1,'2025-02-18 16:06:09.154752');
INSERT INTO django_admin_log VALUES(4,'0359035d-b864-42fd-bc0b-cc26341e5959','department_head - GET, POST, PUT, DELETE - False',1,'[{"added": {}}]',14,1,'2025-02-18 16:40:24.746093');
INSERT INTO django_admin_log VALUES(5,'0359035d-b864-42fd-bc0b-cc26341e5959','department_head - GET, POST, PUT, DELETE - True',2,'[{"changed": {"fields": ["Allowed"]}}]',14,1,'2025-02-18 16:40:35.231295');
INSERT INTO django_admin_log VALUES(6,'45edfda9-8c68-47b0-b924-a0cdeed6ee0b','librarian - GET, POST, PUT, DELETE - True',1,'[{"added": {}}]',14,1,'2025-02-18 16:43:32.681291');
INSERT INTO django_admin_log VALUES(7,'8d728a41-06ce-4d61-ae68-eae1b5472c0f','teacher - GET, POST, PUT - False',1,'[{"added": {}}]',14,1,'2025-02-18 16:43:59.795005');
INSERT INTO django_admin_log VALUES(8,'f7121cca-c5a6-4f1d-a2ac-52970bbe9fa1','teacher - GET, POST, PUT - True',1,'[{"added": {}}]',14,1,'2025-02-18 16:44:17.426879');
INSERT INTO django_admin_log VALUES(9,'29e83e9c-7484-45e6-8151-988f84bad3bb','student - GET, POST, PUT - False',1,'[{"added": {}}]',14,1,'2025-02-18 16:44:35.651624');
INSERT INTO django_admin_log VALUES(10,'47b5c662-0737-4711-b7f4-e522b03e0c59','student - GET, POST, PUT - True',1,'[{"added": {}}]',14,1,'2025-02-18 16:44:46.741817');
INSERT INTO django_admin_log VALUES(11,'778a2acb-9675-496f-8584-14ae90cf216b','kaleb kisho (computer science)',1,'[{"added": {}}]',9,1,'2025-02-20 07:02:33.372290');
INSERT INTO django_admin_log VALUES(12,'f7121cca-c5a6-4f1d-a2ac-52970bbe9fa1','teacher - GET, POST, PUT - True',3,'',14,1,'2025-02-20 07:43:49.519505');
INSERT INTO django_admin_log VALUES(13,'8d728a41-06ce-4d61-ae68-eae1b5472c0f','teacher - GET, POST, PUT - False',3,'',14,1,'2025-02-20 07:43:49.588607');
INSERT INTO django_admin_log VALUES(14,'47b5c662-0737-4711-b7f4-e522b03e0c59','student - GET, POST, PUT - True',3,'',14,1,'2025-02-20 07:43:49.698149');
INSERT INTO django_admin_log VALUES(15,'45edfda9-8c68-47b0-b924-a0cdeed6ee0b','librarian - GET, POST, PUT, DELETE - True',3,'',14,1,'2025-02-20 07:43:49.796497');
INSERT INTO django_admin_log VALUES(16,'29e83e9c-7484-45e6-8151-988f84bad3bb','student - GET, POST, PUT - False',3,'',14,1,'2025-02-20 07:43:49.872502');
INSERT INTO django_admin_log VALUES(17,'0359035d-b864-42fd-bc0b-cc26341e5959','department_head - GET, POST, PUT, DELETE - True',3,'',14,1,'2025-02-20 07:43:49.947517');
INSERT INTO django_admin_log VALUES(18,'b9bd47cf-978c-4faf-8f76-ad4be8143a96','department_head - GET, POST, PUT, DELETE - True',1,'[{"added": {}}]',14,1,'2025-02-20 07:44:25.778219');
INSERT INTO django_admin_log VALUES(19,'b9bd47cf-978c-4faf-8f76-ad4be8143a96','department_head - GET, POST, PUT, DELETE - True',2,'[{"changed": {"fields": ["Allowed filter fields"]}}]',14,1,'2025-02-21 07:24:08.532693');
INSERT INTO django_admin_log VALUES(20,'e006b558-01d7-41b2-be09-2d2da44ac985','Librarian object (e006b558-01d7-41b2-be09-2d2da44ac985)',1,'[{"added": {}}]',7,1,'2025-02-22 11:08:12.103599');
INSERT INTO django_admin_log VALUES(21,'115c35ce-6ca4-45ce-9831-1cc7b154441b','librarian - GET, POST, PUT, DELETE - True',1,'[{"added": {}}]',14,1,'2025-02-23 05:40:15.088846');
INSERT INTO django_admin_log VALUES(22,'115c35ce-6ca4-45ce-9831-1cc7b154441b','librarian - GET, POST, PUT, DELETE - True',2,'[{"changed": {"fields": ["Allowed filter fields"]}}]',14,1,'2025-02-23 06:10:30.234783');
INSERT INTO django_admin_log VALUES(23,'b9bd47cf-978c-4faf-8f76-ad4be8143a96','department_head - GET, POST, PUT, DELETE - True',2,'[{"changed": {"fields": ["Allowed filter fields"]}}]',14,1,'2025-02-24 18:25:10.013073');
INSERT INTO django_admin_log VALUES(24,'8e3b4cd4-edce-4d81-aada-0c291aec815c','guest - GET - True',1,'[{"added": {}}]',14,1,'2025-02-25 09:46:21.132710');
INSERT INTO django_admin_log VALUES(25,'b4fbd6c4-466e-4925-9ec9-f8d98200cee5','Guest object (b4fbd6c4-466e-4925-9ec9-f8d98200cee5)',1,'[{"added": {}}]',6,1,'2025-02-25 09:47:52.584426');
INSERT INTO django_admin_log VALUES(26,'b4fbd6c4-466e-4925-9ec9-f8d98200cee5','Guest object (b4fbd6c4-466e-4925-9ec9-f8d98200cee5)',2,'[{"changed": {"fields": ["password", "confirm_password"]}}]',6,1,'2025-02-25 09:48:31.004556');
INSERT INTO django_admin_log VALUES(27,'986db173-b388-49e5-b42b-8d8089fccc76','student - GET, POST, PUT, DELETE - True',1,'[{"added": {}}]',14,1,'2025-02-27 05:40:56.204206');
INSERT INTO django_admin_log VALUES(28,'9becb536-0d61-4fa1-949b-834bf2708e24','Student object (9becb536-0d61-4fa1-949b-834bf2708e24)',1,'[{"added": {}}]',8,1,'2025-02-27 05:42:27.724957');
INSERT INTO django_admin_log VALUES(29,'9becb536-0d61-4fa1-949b-834bf2708e24','Student object (9becb536-0d61-4fa1-949b-834bf2708e24)',3,'',8,1,'2025-02-27 10:39:15.023561');
INSERT INTO django_admin_log VALUES(30,'cf50a932-9c3e-4d4b-b03e-0448a6f193da','Student object (cf50a932-9c3e-4d4b-b03e-0448a6f193da)',1,'[{"added": {}}]',8,1,'2025-02-27 10:39:45.865961');
INSERT INTO django_admin_log VALUES(31,'cf50a932-9c3e-4d4b-b03e-0448a6f193da','Student object (cf50a932-9c3e-4d4b-b03e-0448a6f193da)',3,'',8,1,'2025-02-27 10:44:35.594783');
INSERT INTO django_admin_log VALUES(32,'61d52c6b-eceb-450a-a5ba-6387ab8b74bd','Student object (61d52c6b-eceb-450a-a5ba-6387ab8b74bd)',1,'[{"added": {}}]',8,1,'2025-02-27 10:45:41.971084');
INSERT INTO django_admin_log VALUES(33,'e006b558-01d7-41b2-be09-2d2da44ac985','Librarian object (e006b558-01d7-41b2-be09-2d2da44ac985)',3,'',7,1,'2025-02-28 12:57:05.642465');
INSERT INTO django_admin_log VALUES(34,'835b7841-7421-402a-933a-f246e0ca220a','Librarian object (835b7841-7421-402a-933a-f246e0ca220a)',1,'[{"added": {}}]',7,1,'2025-02-28 12:57:23.475454');
INSERT INTO django_admin_log VALUES(35,'835b7841-7421-402a-933a-f246e0ca220a','Librarian object (835b7841-7421-402a-933a-f246e0ca220a)',3,'',7,1,'2025-02-28 13:02:19.142988');
INSERT INTO django_admin_log VALUES(36,'1e19d2a7-e4fd-4109-af93-7755dd718ec8','Librarian object (1e19d2a7-e4fd-4109-af93-7755dd718ec8)',1,'[{"added": {}}]',7,1,'2025-02-28 13:04:29.067761');
INSERT INTO django_admin_log VALUES(37,'e8ad5adf-66a3-4644-bb2f-5d2494e4d9a5','the cs book',3,'',17,1,'2025-03-06 07:32:41.618037');
INSERT INTO django_admin_log VALUES(38,'bdc1a902-f145-4895-97a6-590dba8844e2','the cs book',3,'',17,1,'2025-03-06 07:32:41.900060');
INSERT INTO django_admin_log VALUES(39,'b4fbd6c4-466e-4925-9ec9-f8d98200cee5','Guest object (b4fbd6c4-466e-4925-9ec9-f8d98200cee5)',3,'',6,1,'2025-03-06 11:43:42.017029');
INSERT INTO django_admin_log VALUES(40,'aac965bb-508e-4890-aa9e-63f74dab2f6e','Guest object (aac965bb-508e-4890-aa9e-63f74dab2f6e)',1,'[{"added": {}}]',6,1,'2025-03-06 11:44:07.722680');
INSERT INTO django_admin_log VALUES(41,'aac965bb-508e-4890-aa9e-63f74dab2f6e','Guest object (aac965bb-508e-4890-aa9e-63f74dab2f6e)',2,'[{"changed": {"fields": ["password", "confirm_password"]}}]',6,1,'2025-03-06 11:44:44.388595');
CREATE TABLE IF NOT EXISTS "django_session" ("session_key" varchar(40) NOT NULL PRIMARY KEY, "session_data" text NOT NULL, "expire_date" datetime NOT NULL);
INSERT INTO django_session VALUES('n7gvunpufvw5w8mv4v22y84xevtq54id','.eJxVjEEOwiAQRe_C2hAotAwu3XsGAjODVA0kpV0Z765NutDtf-_9lwhxW0vYOi9hJnEWWpx-txTxwXUHdI_11iS2ui5zkrsiD9rltRE_L4f7d1BiL9_aRo2UvUsGAZxVeUClJ_aOkDxrm8GxB8w0OrZ2GAkoQyZjJoaEqMT7A_lFOLk:1tkPof:UWgz9Rqr6PwmTIgSn0phyjp-OqRgrmmclz5HQbot6Ww','2025-03-04 15:47:21.834453');
INSERT INTO django_session VALUES('6uujkzkko4j73fhaitvs4hrjfw5w0z9h','.eJxVjEEOwiAQRe_C2hAotAwu3XsGAjODVA0kpV0Z765NutDtf-_9lwhxW0vYOi9hJnEWWpx-txTxwXUHdI_11iS2ui5zkrsiD9rltRE_L4f7d1BiL9_aRo2UvUsGAZxVeUClJ_aOkDxrm8GxB8w0OrZ2GAkoQyZjJoaEqMT7A_lFOLk:1tq411:ctmGrtwFB0T6pvaIEceommy35bUe2RriiYFJuTiZU80','2025-03-20 05:43:27.964802');
CREATE TABLE IF NOT EXISTS "files_filesystem" ("id" char(32) NOT NULL PRIMARY KEY, "title" varchar(255) NOT NULL, "author" varchar(255) NULL, "availability" bool NOT NULL, "created_at" datetime NOT NULL, "updated_time" datetime NOT NULL, "approved" varchar(10) NOT NULL, "original_file_path" varchar(1024) NULL, "uploaded_by_id" char(32) NULL, "department_id" char(32) NULL REFERENCES "files_departmentlist" ("id") DEFERRABLE INITIALLY DEFERRED, "uploaded_by_type_id" integer NULL REFERENCES "django_content_type" ("id") DEFERRABLE INITIALLY DEFERRED, "file_extension" varchar(10) NULL, "file_size" integer unsigned NOT NULL CHECK ("file_size" >= 0), "description" varchar(255) NULL, "disapproval_reason" varchar(255) NULL);
INSERT INTO files_filesystem VALUES('066bbf2fe2d54eb1a1de261d219b9323','the cs book','kaleb admin',1,'2025-02-23 05:58:10.123940','2025-02-23 13:46:27.918254','approved','files/media/UML%20Sequence%20Diagram%2002_Dl3YYY5.docx','e006b55801d741b2be092d2da44ac985','be1b0f6bf5d04971a1afc6d500271f3f',7,'.docx',60016,'euibfiebeibfefbewbfoubeofbeofb dbqwibqeifbceibfceibdbobcob qwqwoqwboqwn this works too',NULL);
INSERT INTO files_filesystem VALUES('1303f85a20c7423c8be3c64a8b3f1b69','wow','kaleb admin',1,'2025-02-23 14:03:44.508497','2025-02-24 14:49:53.632194','approved','files/media/Chapter%208%20python%20new_YbCQzti.pdf','e006b55801d741b2be092d2da44ac985','be1b0f6bf5d04971a1afc6d500271f3f',7,'.pdf',22476034,'wo this is  good',NULL);
INSERT INTO files_filesystem VALUES('0ebfafbc7874488bb70100d4d516b33a','wow the next ends now','kaleb admin',1,'2025-02-23 14:55:18.391152','2025-02-24 18:30:39.962192','unapproved','files/media/Chapter%208%20python%20new_r8vkuRk.pdf','e006b55801d741b2be092d2da44ac985','be1b0f6bf5d04971a1afc6d500271f3f',7,'.pdf',22476034,'dqwdqwddwqdwq',NULL);
INSERT INTO files_filesystem VALUES('83e36d46bb174da1a280d7ce9dd02ced','now2222','kale',0,'2025-02-27 18:10:21.122042','2025-02-27 18:39:31.846179','unapproved','files/media/Chapter%208%20python%20new_xnBjP9O.pdf','61d52c6beceb450aa5ba6387ab8b74bd','be1b0f6bf5d04971a1afc6d500271f3f',8,'.pdf',22476034,'d1wdw1d`wd',NULL);
CREATE TABLE IF NOT EXISTS "files_permissionsetting" ("id" char(32) NOT NULL PRIMARY KEY, "role" varchar(50) NOT NULL, "allowed" bool NOT NULL, "created_at" datetime NOT NULL, "updated_time" datetime NOT NULL, "actions" varchar(20) NOT NULL, "allowed_filter_fields" text NULL);
INSERT INTO files_permissionsetting VALUES('b9bd47cf978c4faf8f76ad4be8143a96','department_head',1,'2025-02-20 07:44:25.767906','2025-02-24 18:25:09.997432','GET,POST,PUT,DELETE','id,title,author,year,type,availability,created_at,updated_time,department,approved,file_size,file_extension,uploaded_by,disapproval_reason');
INSERT INTO files_permissionsetting VALUES('115c35ce6ca445ce98311cc7b154441b','librarian',1,'2025-02-23 05:40:15.068872','2025-02-23 06:10:30.222926','GET,POST,PUT,DELETE','id,title,author,year,type,availability,created_at,updated_time,department,approved,original_file_path,file_size,file_extension,uploaded_by');
INSERT INTO files_permissionsetting VALUES('8e3b4cd4edce4d81aada0c291aec815c','guest',1,'2025-02-25 09:46:21.109507','2025-02-25 09:46:21.119297','GET','id,title,author,availability,created_at,updated_time,department,approved,file_size,file_extension');
INSERT INTO files_permissionsetting VALUES('986db173b38849e5b42b8d8089fccc76','student',1,'2025-02-27 05:40:56.168777','2025-02-27 05:40:56.183371','GET,POST,PUT,DELETE','id,title,author,year,type,availability,created_at,updated_time,department,approved,original_file_path,file_size,file_extension,uploaded_by,disapproval_reason');
CREATE TABLE IF NOT EXISTS "files_searchquery" ("id" integer NOT NULL PRIMARY KEY AUTOINCREMENT, "query" varchar(255) NOT NULL, "created_at" datetime NOT NULL, "ip_address" char(39) NULL);
INSERT INTO files_searchquery VALUES(1,'query','2025-02-25 13:08:27.378817','127.0.0.1');
INSERT INTO files_searchquery VALUES(2,'query','2025-02-25 14:58:23.546252','127.0.0.1');
INSERT INTO files_searchquery VALUES(3,'title','2025-02-25 15:07:44.116922','127.0.0.1');
INSERT INTO files_searchquery VALUES(4,'the','2025-02-25 15:08:15.173393','127.0.0.1');
INSERT INTO files_searchquery VALUES(5,'kaleb','2025-02-25 15:08:26.145723','127.0.0.1');
INSERT INTO files_searchquery VALUES(6,'adem','2025-02-25 15:09:14.893280','127.0.0.1');
INSERT INTO files_searchquery VALUES(7,'kaleb','2025-02-25 15:09:23.710409','127.0.0.1');
INSERT INTO files_searchquery VALUES(8,'admin','2025-02-25 15:09:31.814581','127.0.0.1');
INSERT INTO files_searchquery VALUES(9,'admin','2025-02-25 15:13:42.840897','127.0.0.1');
INSERT INTO files_searchquery VALUES(10,'admin','2025-02-25 15:16:28.694549','127.0.0.1');
INSERT INTO files_searchquery VALUES(11,'admin','2025-02-25 15:17:43.488081','127.0.0.1');
INSERT INTO files_searchquery VALUES(12,'admin','2025-02-25 15:22:03.308483','127.0.0.1');
INSERT INTO files_searchquery VALUES(13,'the','2025-02-25 16:23:46.885328','127.0.0.1');
INSERT INTO files_searchquery VALUES(14,'title','2025-02-25 16:23:50.031359','127.0.0.1');
INSERT INTO files_searchquery VALUES(15,'kaleb','2025-02-25 16:23:52.887885','127.0.0.1');
INSERT INTO files_searchquery VALUES(16,'query','2025-02-25 16:23:54.603341','127.0.0.1');
INSERT INTO files_searchquery VALUES(17,'admin','2025-02-25 16:23:56.092606','127.0.0.1');
INSERT INTO files_searchquery VALUES(18,'the','2025-02-25 16:24:26.859975','127.0.0.1');
INSERT INTO files_searchquery VALUES(19,'title','2025-02-25 16:24:34.321154','127.0.0.1');
INSERT INTO files_searchquery VALUES(20,'kaleb','2025-02-25 16:25:10.307867','127.0.0.1');
INSERT INTO files_searchquery VALUES(21,'query','2025-02-25 16:26:59.614118','127.0.0.1');
INSERT INTO files_searchquery VALUES(22,'query','2025-02-25 16:32:08.525914','127.0.0.1');
INSERT INTO files_searchquery VALUES(23,'kaleb','2025-02-25 16:32:15.913446','127.0.0.1');
INSERT INTO files_searchquery VALUES(24,'admin','2025-02-25 16:34:22.943562','127.0.0.1');
INSERT INTO files_searchquery VALUES(25,'wow','2025-02-25 16:35:19.056936','127.0.0.1');
INSERT INTO files_searchquery VALUES(26,'query','2025-02-25 16:35:25.509541','127.0.0.1');
INSERT INTO files_searchquery VALUES(27,'kaleb','2025-02-25 16:35:29.942169','127.0.0.1');
INSERT INTO files_searchquery VALUES(28,'query','2025-02-25 16:35:43.204790','127.0.0.1');
INSERT INTO files_searchquery VALUES(29,'the','2025-02-25 16:37:27.062155','127.0.0.1');
INSERT INTO files_searchquery VALUES(30,'the','2025-02-25 16:37:42.352560','127.0.0.1');
INSERT INTO files_searchquery VALUES(31,'query','2025-02-25 19:15:01.470382','127.0.0.1');
INSERT INTO files_searchquery VALUES(32,'kaleb','2025-02-25 19:15:03.782066','127.0.0.1');
INSERT INTO files_searchquery VALUES(33,'admin','2025-02-25 19:15:07.744651','127.0.0.1');
INSERT INTO files_searchquery VALUES(34,'kaleb','2025-02-25 19:15:10.462943','127.0.0.1');
INSERT INTO files_searchquery VALUES(35,'admin','2025-02-25 19:15:12.545772','127.0.0.1');
INSERT INTO files_searchquery VALUES(36,'wow','2025-02-25 19:15:17.299892','127.0.0.1');
INSERT INTO files_searchquery VALUES(37,'wo','2025-02-25 19:15:21.682428','127.0.0.1');
INSERT INTO files_searchquery VALUES(38,'the','2025-02-25 19:46:11.451226','127.0.0.1');
INSERT INTO files_searchquery VALUES(39,'wow','2025-02-26 07:16:26.724260','127.0.0.1');
INSERT INTO files_searchquery VALUES(40,'wow','2025-02-26 07:16:32.079869','127.0.0.1');
INSERT INTO files_searchquery VALUES(41,'title','2025-02-26 07:17:15.965150','127.0.0.1');
INSERT INTO files_searchquery VALUES(42,'titl','2025-02-26 07:17:19.386212','127.0.0.1');
INSERT INTO files_searchquery VALUES(43,'goo','2025-02-26 07:17:22.969909','127.0.0.1');
INSERT INTO files_searchquery VALUES(44,'good','2025-02-26 07:17:23.619963','127.0.0.1');
INSERT INTO files_searchquery VALUES(45,'goo','2025-02-26 07:17:27.316601','127.0.0.1');
INSERT INTO files_searchquery VALUES(46,'go','2025-02-26 07:17:28.565069','127.0.0.1');
INSERT INTO files_searchquery VALUES(47,'g','2025-02-26 07:17:29.571229','127.0.0.1');
INSERT INTO files_searchquery VALUES(48,'kaleb','2025-02-26 07:18:34.962704','127.0.0.1');
INSERT INTO files_searchquery VALUES(49,'query','2025-02-26 07:18:38.365486','127.0.0.1');
INSERT INTO files_searchquery VALUES(50,'admin','2025-02-26 07:18:40.678830','127.0.0.1');
INSERT INTO files_searchquery VALUES(51,'the','2025-02-26 07:18:44.736966','127.0.0.1');
INSERT INTO files_searchquery VALUES(52,'wow','2025-02-26 08:24:45.038025','127.0.0.1');
INSERT INTO files_searchquery VALUES(53,'query','2025-02-26 08:24:49.462020','127.0.0.1');
INSERT INTO files_searchquery VALUES(54,'kaleb','2025-02-26 08:24:51.888345','127.0.0.1');
INSERT INTO files_searchquery VALUES(55,'title','2025-02-26 08:24:57.066627','127.0.0.1');
INSERT INTO files_searchquery VALUES(56,'@','2025-02-26 08:47:03.657234','127.0.0.1');
INSERT INTO files_searchquery VALUES(57,'@ti','2025-02-26 08:47:06.924868','127.0.0.1');
INSERT INTO files_searchquery VALUES(58,'@tile','2025-02-26 08:47:07.591323','127.0.0.1');
INSERT INTO files_searchquery VALUES(59,'@tiles','2025-02-26 08:47:08.566599','127.0.0.1');
INSERT INTO files_searchquery VALUES(60,'@tiles=','2025-02-26 08:47:10.896802','127.0.0.1');
INSERT INTO files_searchquery VALUES(61,'@tiles','2025-02-26 08:47:11.373794','127.0.0.1');
INSERT INTO files_searchquery VALUES(62,'@tiles','2025-02-26 08:47:38.721912','127.0.0.1');
INSERT INTO files_searchquery VALUES(63,'@tiles eee','2025-02-26 08:47:39.626806','127.0.0.1');
INSERT INTO files_searchquery VALUES(64,'@tiles ee','2025-02-26 08:47:40.304794','127.0.0.1');
INSERT INTO files_searchquery VALUES(65,'@','2025-02-26 08:55:16.650858','127.0.0.1');
INSERT INTO files_searchquery VALUES(66,'@','2025-02-26 08:59:55.251048','127.0.0.1');
INSERT INTO files_searchquery VALUES(67,'@Titles','2025-02-26 08:59:58.336716','127.0.0.1');
INSERT INTO files_searchquery VALUES(68,'tit','2025-02-26 09:09:33.103943','127.0.0.1');
INSERT INTO files_searchquery VALUES(69,'titl','2025-02-26 09:09:33.793200','127.0.0.1');
INSERT INTO files_searchquery VALUES(70,'title','2025-02-26 09:09:35.205144','127.0.0.1');
INSERT INTO files_searchquery VALUES(71,'title','2025-02-26 09:09:36.904005','127.0.0.1');
INSERT INTO files_searchquery VALUES(72,'title kaleb','2025-02-26 09:09:39.151352','127.0.0.1');
INSERT INTO files_searchquery VALUES(73,'title k','2025-02-26 09:09:41.006124','127.0.0.1');
INSERT INTO files_searchquery VALUES(74,'title','2025-02-26 09:09:41.539438','127.0.0.1');
INSERT INTO files_searchquery VALUES(75,'title the','2025-02-26 09:09:42.700587','127.0.0.1');
INSERT INTO files_searchquery VALUES(76,'k','2025-02-26 11:18:51.135532','127.0.0.1');
INSERT INTO files_searchquery VALUES(77,'tit','2025-02-26 11:18:55.614952','127.0.0.1');
INSERT INTO files_searchquery VALUES(78,'titlw','2025-02-26 11:18:56.323317','127.0.0.1');
INSERT INTO files_searchquery VALUES(79,'title','2025-02-26 11:18:57.057111','127.0.0.1');
INSERT INTO files_searchquery VALUES(80,'@','2025-02-26 11:19:17.847085','127.0.0.1');
INSERT INTO files_searchquery VALUES(81,'kaleb','2025-02-26 11:19:21.274805','127.0.0.1');
INSERT INTO files_searchquery VALUES(82,'@','2025-02-26 11:25:25.379334','127.0.0.1');
INSERT INTO files_searchquery VALUES(83,'@titles','2025-02-26 11:25:28.128257','127.0.0.1');
INSERT INTO files_searchquery VALUES(84,'@','2025-02-26 11:25:31.245589','127.0.0.1');
INSERT INTO files_searchquery VALUES(85,'wow','2025-02-26 11:29:37.516294','127.0.0.1');
INSERT INTO files_searchquery VALUES(86,'@','2025-02-26 11:29:40.417380','127.0.0.1');
INSERT INTO files_searchquery VALUES(87,'@titles','2025-02-26 11:29:44.206957','127.0.0.1');
INSERT INTO files_searchquery VALUES(88,'@titles wow','2025-02-26 11:29:53.510311','127.0.0.1');
INSERT INTO files_searchquery VALUES(89,'@titles wo','2025-02-26 11:29:54.063079','127.0.0.1');
INSERT INTO files_searchquery VALUES(90,'@titles wowwwwww','2025-02-26 11:29:55.648064','127.0.0.1');
INSERT INTO files_searchquery VALUES(91,'@titles wowww','2025-02-26 11:29:57.295359','127.0.0.1');
INSERT INTO files_searchquery VALUES(92,'author:','2025-02-26 11:47:50.793245','127.0.0.1');
INSERT INTO files_searchquery VALUES(93,'author:','2025-02-26 11:49:34.415477','127.0.0.1');
INSERT INTO files_searchquery VALUES(94,'@','2025-02-26 11:59:22.559132','127.0.0.1');
INSERT INTO files_searchquery VALUES(95,'@titles','2025-02-26 11:59:24.686087','127.0.0.1');
INSERT INTO files_searchquery VALUES(96,'wow','2025-02-26 11:59:33.054829','127.0.0.1');
INSERT INTO files_searchquery VALUES(97,'wo','2025-02-26 11:59:33.744905','127.0.0.1');
INSERT INTO files_searchquery VALUES(98,'woww','2025-02-26 11:59:36.098902','127.0.0.1');
INSERT INTO files_searchquery VALUES(99,'wo','2025-02-26 11:59:37.776860','127.0.0.1');
INSERT INTO files_searchquery VALUES(100,'@','2025-02-26 12:00:09.411094','127.0.0.1');
INSERT INTO files_searchquery VALUES(101,'@titles','2025-02-26 12:00:11.061015','127.0.0.1');
INSERT INTO files_searchquery VALUES(102,'g','2025-02-26 12:03:04.694264','127.0.0.1');
INSERT INTO files_searchquery VALUES(103,'@','2025-02-26 12:04:41.311178','127.0.0.1');
INSERT INTO files_searchquery VALUES(104,'@authors','2025-02-26 12:04:47.983411','127.0.0.1');
INSERT INTO files_searchquery VALUES(105,'@authors wow','2025-02-26 12:04:52.846708','127.0.0.1');
INSERT INTO files_searchquery VALUES(106,'@authors woww','2025-02-26 12:04:54.362494','127.0.0.1');
INSERT INTO files_searchquery VALUES(107,'@authors woww','2025-02-26 12:04:54.745512','127.0.0.1');
INSERT INTO files_searchquery VALUES(108,'@authors woww this no','2025-02-26 12:04:56.533444','127.0.0.1');
INSERT INTO files_searchquery VALUES(109,'@authors woww this not','2025-02-26 12:04:57.171123','127.0.0.1');
INSERT INTO files_searchquery VALUES(110,'@authors woww this not good','2025-02-26 12:04:59.206265','127.0.0.1');
INSERT INTO files_searchquery VALUES(111,'@authors woww this not goo','2025-02-26 12:05:00.913619','127.0.0.1');
INSERT INTO files_searchquery VALUES(112,'@','2025-02-26 12:06:03.933785','127.0.0.1');
INSERT INTO files_searchquery VALUES(113,'@date','2025-02-26 12:06:07.076279','127.0.0.1');
INSERT INTO files_searchquery VALUES(114,'wow','2025-02-26 12:07:49.634685','127.0.0.1');
INSERT INTO files_searchquery VALUES(115,'@','2025-02-26 12:09:01.950097','127.0.0.1');
INSERT INTO files_searchquery VALUES(116,'@authors','2025-02-26 12:09:06.769568','127.0.0.1');
INSERT INTO files_searchquery VALUES(117,'@','2025-02-26 12:11:42.918652','127.0.0.1');
INSERT INTO files_searchquery VALUES(118,'@wow','2025-02-26 12:11:46.087517','127.0.0.1');
INSERT INTO files_searchquery VALUES(119,'wow','2025-02-26 12:11:49.084353','127.0.0.1');
INSERT INTO files_searchquery VALUES(120,'wow','2025-02-26 12:12:00.928868','127.0.0.1');
INSERT INTO files_searchquery VALUES(121,'@','2025-02-26 12:12:03.831313','127.0.0.1');
INSERT INTO files_searchquery VALUES(122,'@','2025-02-26 12:12:33.520922','127.0.0.1');
INSERT INTO files_searchquery VALUES(123,'wow','2025-02-26 12:14:39.943500','127.0.0.1');
INSERT INTO files_searchquery VALUES(124,'wow','2025-02-26 12:14:45.511071','127.0.0.1');
INSERT INTO files_searchquery VALUES(125,'@','2025-02-26 12:14:49.205098','127.0.0.1');
INSERT INTO files_searchquery VALUES(126,'kaleb','2025-02-26 12:14:51.786853','127.0.0.1');
INSERT INTO files_searchquery VALUES(127,'kaleb','2025-02-26 12:15:57.041092','127.0.0.1');
INSERT INTO files_searchquery VALUES(128,'kaleb','2025-02-26 12:16:01.805567','127.0.0.1');
INSERT INTO files_searchquery VALUES(129,'w','2025-02-26 12:16:30.916444','127.0.0.1');
INSERT INTO files_searchquery VALUES(130,'wow','2025-02-26 12:16:31.452463','127.0.0.1');
INSERT INTO files_searchquery VALUES(131,'@author','2025-02-26 13:24:42.840853','127.0.0.1');
INSERT INTO files_searchquery VALUES(132,'@','2025-02-26 13:26:04.267931','127.0.0.1');
INSERT INTO files_searchquery VALUES(133,'wow','2025-02-26 13:26:07.565346','127.0.0.1');
INSERT INTO files_searchquery VALUES(134,'@','2025-02-26 13:29:21.375432','127.0.0.1');
INSERT INTO files_searchquery VALUES(135,'@by','2025-02-26 13:29:35.103840','127.0.0.1');
INSERT INTO files_searchquery VALUES(136,'@','2025-02-26 13:30:21.555834','127.0.0.1');
INSERT INTO files_searchquery VALUES(137,'@','2025-02-26 13:30:25.002918','127.0.0.1');
INSERT INTO files_searchquery VALUES(138,'@','2025-02-26 13:33:44.658222','127.0.0.1');
INSERT INTO files_searchquery VALUES(139,'@','2025-02-26 13:33:47.858184','127.0.0.1');
INSERT INTO files_searchquery VALUES(140,'@ti','2025-02-26 13:33:48.929928','127.0.0.1');
INSERT INTO files_searchquery VALUES(141,'wow','2025-02-26 13:33:51.304034','127.0.0.1');
INSERT INTO files_searchquery VALUES(142,'wow','2025-02-26 13:33:57.009634','127.0.0.1');
INSERT INTO files_searchquery VALUES(143,'@','2025-02-26 13:34:01.101065','127.0.0.1');
INSERT INTO files_searchquery VALUES(144,'@tit','2025-02-26 13:34:03.145376','127.0.0.1');
INSERT INTO files_searchquery VALUES(145,'@titles','2025-02-26 13:34:04.279649','127.0.0.1');
INSERT INTO files_searchquery VALUES(146,'@author','2025-02-26 13:34:47.419989','127.0.0.1');
INSERT INTO files_searchquery VALUES(147,'@author wow','2025-02-26 13:34:51.364496','127.0.0.1');
INSERT INTO files_searchquery VALUES(148,'@author wow','2025-02-26 13:35:15.702427','127.0.0.1');
INSERT INTO files_searchquery VALUES(149,'@','2025-02-26 13:36:34.637102','127.0.0.1');
INSERT INTO files_searchquery VALUES(150,'@title','2025-02-26 13:36:37.031246','127.0.0.1');
INSERT INTO files_searchquery VALUES(151,'@title wow','2025-02-26 13:36:40.650364','127.0.0.1');
INSERT INTO files_searchquery VALUES(152,'wow','2025-02-26 13:36:44.878912','127.0.0.1');
INSERT INTO files_searchquery VALUES(153,'admin','2025-02-26 13:36:52.657556','127.0.0.1');
INSERT INTO files_searchquery VALUES(154,'wo','2025-02-26 13:37:37.401472','127.0.0.1');
INSERT INTO files_searchquery VALUES(155,'wow','2025-02-26 13:37:59.423778','127.0.0.1');
INSERT INTO files_searchquery VALUES(156,'woww','2025-02-26 13:38:03.603026','127.0.0.1');
INSERT INTO files_searchquery VALUES(157,'wow','2025-02-26 13:38:41.675905','127.0.0.1');
INSERT INTO files_searchquery VALUES(158,'@','2025-02-26 13:38:47.021085','127.0.0.1');
INSERT INTO files_searchquery VALUES(159,'@department','2025-02-26 13:38:50.339511','127.0.0.1');
INSERT INTO files_searchquery VALUES(160,'wow','2025-02-26 13:39:36.093264','127.0.0.1');
INSERT INTO files_searchquery VALUES(161,'wow','2025-02-26 13:42:25.106245','127.0.0.1');
INSERT INTO files_searchquery VALUES(162,'@','2025-02-26 13:42:28.733346','127.0.0.1');
INSERT INTO files_searchquery VALUES(163,'the','2025-02-26 13:42:34.112919','127.0.0.1');
INSERT INTO files_searchquery VALUES(164,'kale','2025-02-26 13:42:37.935232','127.0.0.1');
INSERT INTO files_searchquery VALUES(165,'kaleb','2025-02-26 13:42:38.820536','127.0.0.1');
INSERT INTO files_searchquery VALUES(166,'k','2025-02-26 13:42:41.514340','127.0.0.1');
INSERT INTO files_searchquery VALUES(167,'wow','2025-02-26 13:42:48.141377','127.0.0.1');
INSERT INTO files_searchquery VALUES(168,'query','2025-02-26 13:42:56.413738','127.0.0.1');
INSERT INTO files_searchquery VALUES(169,'@','2025-02-26 13:43:54.559105','127.0.0.1');
INSERT INTO files_searchquery VALUES(170,'@','2025-02-26 13:44:45.013062','127.0.0.1');
INSERT INTO files_searchquery VALUES(171,'@','2025-02-26 13:45:31.443495','127.0.0.1');
INSERT INTO files_searchquery VALUES(172,'@','2025-02-26 13:45:50.528654','127.0.0.1');
INSERT INTO files_searchquery VALUES(173,'wow','2025-02-26 13:46:51.819633','127.0.0.1');
INSERT INTO files_searchquery VALUES(174,'wow','2025-02-26 13:46:55.718824','127.0.0.1');
INSERT INTO files_searchquery VALUES(175,'wow','2025-02-26 13:47:08.967902','127.0.0.1');
INSERT INTO files_searchquery VALUES(176,'wow','2025-02-26 13:47:09.425688','127.0.0.1');
INSERT INTO files_searchquery VALUES(177,'wow','2025-02-26 13:47:14.015873','127.0.0.1');
INSERT INTO files_searchquery VALUES(178,'ww','2025-02-26 13:47:21.633973','127.0.0.1');
INSERT INTO files_searchquery VALUES(179,'wow','2025-02-26 13:47:26.381484','127.0.0.1');
INSERT INTO files_searchquery VALUES(180,'wow','2025-02-26 13:47:33.007228','127.0.0.1');
INSERT INTO files_searchquery VALUES(181,'@','2025-02-26 13:47:49.522904','127.0.0.1');
INSERT INTO files_searchquery VALUES(182,'p','2025-02-26 13:50:48.710547','127.0.0.1');
INSERT INTO files_searchquery VALUES(183,'pr','2025-02-26 13:50:49.299244','127.0.0.1');
INSERT INTO files_searchquery VALUES(184,'pro','2025-02-26 13:50:50.199557','127.0.0.1');
INSERT INTO files_searchquery VALUES(185,'c','2025-02-26 13:50:54.922768','127.0.0.1');
INSERT INTO files_searchquery VALUES(186,'com','2025-02-26 13:50:55.706362','127.0.0.1');
INSERT INTO files_searchquery VALUES(187,'@','2025-02-26 13:51:10.302311','127.0.0.1');
INSERT INTO files_searchquery VALUES(188,'wow','2025-02-26 13:53:06.350563','127.0.0.1');
INSERT INTO files_searchquery VALUES(189,'@','2025-02-26 14:06:43.472879','127.0.0.1');
INSERT INTO files_searchquery VALUES(190,'wo','2025-02-26 14:11:58.625532','127.0.0.1');
INSERT INTO files_searchquery VALUES(191,'@','2025-02-26 14:12:01.911240','127.0.0.1');
INSERT INTO files_searchquery VALUES(192,'@','2025-02-26 14:12:27.124573','127.0.0.1');
INSERT INTO files_searchquery VALUES(193,'@','2025-02-26 14:12:37.529356','127.0.0.1');
INSERT INTO files_searchquery VALUES(194,'@','2025-02-26 14:13:08.858737','127.0.0.1');
INSERT INTO files_searchquery VALUES(195,'@','2025-02-26 15:50:40.366968','127.0.0.1');
INSERT INTO files_searchquery VALUES(196,'!','2025-02-26 17:35:29.394073','127.0.0.1');
INSERT INTO files_searchquery VALUES(197,'@','2025-02-26 17:35:31.903454','127.0.0.1');
INSERT INTO files_searchquery VALUES(198,'@title','2025-02-26 17:35:35.898953','127.0.0.1');
INSERT INTO files_searchquery VALUES(199,'kaleb','2025-02-26 17:36:08.485037','127.0.0.1');
INSERT INTO files_searchquery VALUES(200,'kaleb','2025-02-26 17:41:40.831686','127.0.0.1');
INSERT INTO files_searchquery VALUES(201,'kaleb','2025-02-26 17:42:07.644792','127.0.0.1');
INSERT INTO files_searchquery VALUES(202,'admin','2025-02-26 17:45:27.509513','127.0.0.1');
INSERT INTO files_searchquery VALUES(203,'@','2025-02-26 17:47:51.053326','127.0.0.1');
INSERT INTO files_searchquery VALUES(204,'query','2025-02-26 18:07:06.907134','127.0.0.1');
INSERT INTO files_searchquery VALUES(205,'wwwww','2025-02-26 18:12:22.555095','127.0.0.1');
INSERT INTO files_searchquery VALUES(206,'www','2025-02-26 18:12:23.231503','127.0.0.1');
INSERT INTO files_searchquery VALUES(207,'w','2025-02-26 18:12:24.996110','127.0.0.1');
INSERT INTO files_searchquery VALUES(208,'ww','2025-02-26 18:12:25.467733','127.0.0.1');
INSERT INTO files_searchquery VALUES(209,'www','2025-02-26 18:12:26.274606','127.0.0.1');
INSERT INTO files_searchquery VALUES(210,'@','2025-02-26 18:16:28.740296','127.0.0.1');
INSERT INTO files_searchquery VALUES(211,'@','2025-02-26 18:23:35.887926','127.0.0.1');
INSERT INTO files_searchquery VALUES(212,'admin','2025-02-26 18:37:51.201508','127.0.0.1');
INSERT INTO files_searchquery VALUES(213,'@','2025-02-27 07:03:09.001711','127.0.0.1');
INSERT INTO files_searchquery VALUES(214,'@','2025-02-27 07:03:13.563005','127.0.0.1');
INSERT INTO files_searchquery VALUES(215,'admin','2025-02-27 07:03:44.696284','127.0.0.1');
INSERT INTO files_searchquery VALUES(216,'@','2025-02-27 07:13:19.928044','127.0.0.1');
INSERT INTO files_searchquery VALUES(217,'wow','2025-02-27 11:51:47.340869','127.0.0.1');
INSERT INTO files_searchquery VALUES(218,'wo','2025-02-27 11:51:49.041375','127.0.0.1');
INSERT INTO files_searchquery VALUES(219,'w','2025-02-27 11:51:50.129354','127.0.0.1');
INSERT INTO files_searchquery VALUES(220,'wow','2025-02-28 06:26:07.557689','127.0.0.1');
INSERT INTO files_searchquery VALUES(221,'wow','2025-02-28 10:39:44.111451','127.0.0.1');
INSERT INTO files_searchquery VALUES(222,'kaleb','2025-02-28 11:42:04.023600','127.0.0.1');
INSERT INTO files_searchquery VALUES(223,'c','2025-03-02 13:19:47.480633','127.0.0.1');
INSERT INTO files_searchquery VALUES(224,'com','2025-03-02 13:19:48.654566','127.0.0.1');
INSERT INTO files_searchquery VALUES(225,'comp','2025-03-02 13:19:50.330263','127.0.0.1');
INSERT INTO files_searchquery VALUES(226,'compu','2025-03-02 13:19:51.861962','127.0.0.1');
INSERT INTO files_searchquery VALUES(227,'computer','2025-03-02 13:19:53.443194','127.0.0.1');
INSERT INTO files_searchquery VALUES(228,'computer','2025-03-02 13:26:05.676627','127.0.0.1');
INSERT INTO files_searchquery VALUES(229,'@','2025-03-02 13:26:43.287311','127.0.0.1');
INSERT INTO files_searchquery VALUES(230,'comp','2025-03-06 07:47:37.181395','127.0.0.1');
INSERT INTO files_searchquery VALUES(231,'compu','2025-03-06 07:47:37.716509','127.0.0.1');
INSERT INTO files_searchquery VALUES(232,'computer','2025-03-06 07:47:38.162341','127.0.0.1');
INSERT INTO files_searchquery VALUES(233,'@','2025-03-06 08:14:13.134125','127.0.0.1');
INSERT INTO files_searchquery VALUES(234,'query','2025-03-06 08:16:56.585687','127.0.0.1');
INSERT INTO files_searchquery VALUES(235,'query','2025-03-06 08:16:57.086764','127.0.0.1');
INSERT INTO files_searchquery VALUES(236,'query','2025-03-06 08:16:57.515133','127.0.0.1');
INSERT INTO files_searchquery VALUES(237,'query','2025-03-06 08:16:57.938683','127.0.0.1');
INSERT INTO files_searchquery VALUES(238,'query','2025-03-06 08:17:02.204527','127.0.0.1');
INSERT INTO files_searchquery VALUES(239,'query','2025-03-06 08:17:02.517568','127.0.0.1');
INSERT INTO files_searchquery VALUES(240,'query','2025-03-06 08:18:18.248985','127.0.0.1');
INSERT INTO files_searchquery VALUES(241,'query','2025-03-06 08:19:15.888104','127.0.0.1');
INSERT INTO files_searchquery VALUES(242,'query','2025-03-06 08:19:16.220593','127.0.0.1');
INSERT INTO files_searchquery VALUES(243,'query','2025-03-06 08:19:21.396470','127.0.0.1');
INSERT INTO files_searchquery VALUES(244,'query','2025-03-06 08:19:21.769659','127.0.0.1');
INSERT INTO files_searchquery VALUES(245,'query','2025-03-06 08:19:37.253872','127.0.0.1');
INSERT INTO files_searchquery VALUES(246,'query','2025-03-06 08:19:38.595916','127.0.0.1');
INSERT INTO files_searchquery VALUES(247,'query','2025-03-06 08:20:22.318306','127.0.0.1');
INSERT INTO files_searchquery VALUES(248,'query','2025-03-06 08:20:24.909477','127.0.0.1');
INSERT INTO files_searchquery VALUES(249,'query','2025-03-06 08:21:04.956549','127.0.0.1');
INSERT INTO files_searchquery VALUES(250,'query','2025-03-06 08:21:06.029731','127.0.0.1');
INSERT INTO files_searchquery VALUES(251,'query','2025-03-06 08:21:48.755903','127.0.0.1');
INSERT INTO files_searchquery VALUES(252,'query','2025-03-06 08:21:49.076398','127.0.0.1');
INSERT INTO files_searchquery VALUES(253,'query','2025-03-06 08:22:32.664093','127.0.0.1');
INSERT INTO files_searchquery VALUES(254,'query','2025-03-06 08:22:32.926590','127.0.0.1');
INSERT INTO files_searchquery VALUES(255,'query','2025-03-06 08:25:08.330635','127.0.0.1');
INSERT INTO files_searchquery VALUES(256,'query','2025-03-06 08:25:08.643571','127.0.0.1');
INSERT INTO files_searchquery VALUES(257,'query','2025-03-06 08:26:30.816448','127.0.0.1');
INSERT INTO files_searchquery VALUES(258,'query','2025-03-06 08:26:31.363678','127.0.0.1');
INSERT INTO files_searchquery VALUES(259,'query','2025-03-06 08:26:31.963428','127.0.0.1');
INSERT INTO files_searchquery VALUES(260,'query','2025-03-06 08:26:35.151071','127.0.0.1');
INSERT INTO files_searchquery VALUES(261,'query','2025-03-06 08:26:35.685683','127.0.0.1');
INSERT INTO files_searchquery VALUES(262,'query','2025-03-06 08:26:59.678046','127.0.0.1');
INSERT INTO files_searchquery VALUES(263,'query','2025-03-06 08:27:00.108873','127.0.0.1');
INSERT INTO files_searchquery VALUES(264,'admin','2025-03-06 08:27:08.821999','127.0.0.1');
INSERT INTO files_searchquery VALUES(265,'admin','2025-03-06 08:27:09.175606','127.0.0.1');
INSERT INTO files_searchquery VALUES(266,'query','2025-03-06 08:30:39.408434','127.0.0.1');
INSERT INTO files_searchquery VALUES(267,'query','2025-03-06 08:30:39.771658','127.0.0.1');
INSERT INTO files_searchquery VALUES(268,'admin','2025-03-06 08:30:44.375947','127.0.0.1');
INSERT INTO files_searchquery VALUES(269,'admin','2025-03-06 08:30:44.992555','127.0.0.1');
INSERT INTO files_searchquery VALUES(270,'query','2025-03-06 08:30:51.688353','127.0.0.1');
INSERT INTO files_searchquery VALUES(271,'query','2025-03-06 08:30:52.118040','127.0.0.1');
INSERT INTO files_searchquery VALUES(272,'admin','2025-03-06 08:35:32.823286','127.0.0.1');
INSERT INTO files_searchquery VALUES(273,'admin','2025-03-06 08:35:33.396232','127.0.0.1');
INSERT INTO files_searchquery VALUES(274,'admin','2025-03-06 08:39:49.718971','127.0.0.1');
INSERT INTO files_searchquery VALUES(275,'admin','2025-03-06 08:39:52.108722','127.0.0.1');
INSERT INTO files_searchquery VALUES(276,'admin','2025-03-06 08:40:19.685416','127.0.0.1');
INSERT INTO files_searchquery VALUES(277,'admin','2025-03-06 08:40:29.301072','127.0.0.1');
INSERT INTO files_searchquery VALUES(278,'admin','2025-03-06 08:40:40.244015','127.0.0.1');
INSERT INTO files_searchquery VALUES(279,'admin','2025-03-06 08:40:40.789535','127.0.0.1');
INSERT INTO files_searchquery VALUES(280,'admin','2025-03-06 08:40:47.757716','127.0.0.1');
INSERT INTO files_searchquery VALUES(281,'admin','2025-03-06 08:40:48.606995','127.0.0.1');
INSERT INTO files_searchquery VALUES(282,'admin','2025-03-06 08:41:25.467325','127.0.0.1');
INSERT INTO files_searchquery VALUES(283,'admin','2025-03-06 08:41:26.036445','127.0.0.1');
INSERT INTO files_searchquery VALUES(284,'a','2025-03-06 08:41:43.621517','127.0.0.1');
INSERT INTO files_searchquery VALUES(285,'admin','2025-03-06 08:41:44.748830','127.0.0.1');
INSERT INTO files_searchquery VALUES(286,'admin','2025-03-06 08:42:04.683279','127.0.0.1');
INSERT INTO files_searchquery VALUES(287,'admin','2025-03-06 08:42:05.068311','127.0.0.1');
INSERT INTO files_searchquery VALUES(288,'admin','2025-03-06 08:43:54.313659','127.0.0.1');
INSERT INTO files_searchquery VALUES(289,'admin','2025-03-06 08:43:54.889567','127.0.0.1');
INSERT INTO files_searchquery VALUES(290,'wow','2025-03-06 08:44:34.728530','127.0.0.1');
INSERT INTO files_searchquery VALUES(291,'wow','2025-03-06 08:44:35.070531','127.0.0.1');
INSERT INTO files_searchquery VALUES(292,'kaleb','2025-03-06 08:44:41.179057','127.0.0.1');
INSERT INTO files_searchquery VALUES(293,'kaleb','2025-03-06 08:44:41.474651','127.0.0.1');
INSERT INTO files_searchquery VALUES(294,'kaleb','2025-03-06 08:44:48.599800','127.0.0.1');
INSERT INTO files_searchquery VALUES(295,'kaleb','2025-03-06 08:44:48.890351','127.0.0.1');
INSERT INTO files_searchquery VALUES(296,'wow','2025-03-06 08:45:08.003449','127.0.0.1');
INSERT INTO files_searchquery VALUES(297,'wow','2025-03-06 08:45:08.311465','127.0.0.1');
INSERT INTO files_searchquery VALUES(298,'wow','2025-03-06 08:45:18.498173','127.0.0.1');
INSERT INTO files_searchquery VALUES(299,'wow','2025-03-06 08:45:18.808715','127.0.0.1');
INSERT INTO files_searchquery VALUES(300,'@','2025-03-06 08:47:54.717558','127.0.0.1');
INSERT INTO files_searchquery VALUES(301,'@','2025-03-06 08:47:55.036203','127.0.0.1');
INSERT INTO files_searchquery VALUES(302,'@','2025-03-06 08:48:00.079928','127.0.0.1');
INSERT INTO files_searchquery VALUES(303,'@','2025-03-06 08:48:00.355615','127.0.0.1');
INSERT INTO files_searchquery VALUES(304,'kaleb','2025-03-06 08:48:09.383154','127.0.0.1');
INSERT INTO files_searchquery VALUES(305,'kaleb','2025-03-06 08:48:10.325336','127.0.0.1');
INSERT INTO files_searchquery VALUES(306,'kaleb','2025-03-06 08:48:14.891677','127.0.0.1');
INSERT INTO files_searchquery VALUES(307,'kaleb','2025-03-06 08:48:15.218206','127.0.0.1');
INSERT INTO files_searchquery VALUES(308,'@','2025-03-06 08:49:09.135033','127.0.0.1');
INSERT INTO files_searchquery VALUES(309,'@','2025-03-06 08:49:09.696943','127.0.0.1');
INSERT INTO files_searchquery VALUES(310,'@','2025-03-06 08:50:16.464854','127.0.0.1');
INSERT INTO files_searchquery VALUES(311,'@','2025-03-06 08:50:17.036774','127.0.0.1');
INSERT INTO files_searchquery VALUES(312,'kaleb','2025-03-06 08:59:22.674645','127.0.0.1');
INSERT INTO files_searchquery VALUES(313,'kaleb','2025-03-06 10:48:20.240397','127.0.0.1');
INSERT INTO files_searchquery VALUES(314,'kaleb','2025-03-06 10:48:42.347833','127.0.0.1');
INSERT INTO files_searchquery VALUES(315,'kaleb','2025-03-06 10:48:49.878316','127.0.0.1');
INSERT INTO files_searchquery VALUES(316,'kaleb','2025-03-06 10:48:50.364505','127.0.0.1');
INSERT INTO files_searchquery VALUES(317,'kaleb','2025-03-06 10:50:13.927650','127.0.0.1');
INSERT INTO files_searchquery VALUES(318,'kaleb','2025-03-06 10:50:14.214622','127.0.0.1');
INSERT INTO files_searchquery VALUES(319,'kaleb','2025-03-06 10:50:22.686200','127.0.0.1');
INSERT INTO files_searchquery VALUES(320,'kaleb','2025-03-06 10:50:23.021446','127.0.0.1');
INSERT INTO files_searchquery VALUES(321,'kaleb','2025-03-06 10:50:28.108338','127.0.0.1');
INSERT INTO files_searchquery VALUES(322,'kaleb','2025-03-06 10:50:28.582025','127.0.0.1');
INSERT INTO files_searchquery VALUES(323,'kaleb','2025-03-06 10:54:54.733735','127.0.0.1');
INSERT INTO files_searchquery VALUES(324,'kaleb','2025-03-06 10:55:01.046133','127.0.0.1');
INSERT INTO files_searchquery VALUES(325,'kaleb','2025-03-06 10:55:05.798976','127.0.0.1');
INSERT INTO files_searchquery VALUES(326,'kaleb','2025-03-06 11:40:57.902736','127.0.0.1');
INSERT INTO files_searchquery VALUES(327,'','2025-03-06 12:24:34.591070','127.0.0.1');
INSERT INTO files_searchquery VALUES(328,'','2025-03-06 12:24:39.617234','127.0.0.1');
INSERT INTO files_searchquery VALUES(329,'','2025-03-07 13:57:19.565441','127.0.0.1');
INSERT INTO files_searchquery VALUES(330,'wow','2025-03-07 14:42:45.634485','127.0.0.1');
CREATE TABLE IF NOT EXISTS "files_popularsearch" ("id" integer NOT NULL PRIMARY KEY AUTOINCREMENT, "query" varchar(255) NOT NULL UNIQUE, "last_searched" datetime NOT NULL, "count" integer NOT NULL);
INSERT INTO files_popularsearch VALUES(1,'query','2025-03-06 08:30:52.241263',46);
INSERT INTO files_popularsearch VALUES(2,'title','2025-02-26 11:18:57.159745',9);
INSERT INTO files_popularsearch VALUES(3,'the','2025-02-26 13:42:34.224630',8);
INSERT INTO files_popularsearch VALUES(4,'kaleb','2025-03-06 11:40:58.655266',42);
INSERT INTO files_popularsearch VALUES(5,'adem','2025-02-25 15:09:14.977680',1);
INSERT INTO files_popularsearch VALUES(6,'admin','2025-03-06 08:43:55.001841',35);
INSERT INTO files_popularsearch VALUES(7,'wow','2025-03-07 14:42:45.834122',40);
INSERT INTO files_popularsearch VALUES(8,'wo','2025-02-27 11:51:49.122173',6);
INSERT INTO files_popularsearch VALUES(9,'titl','2025-02-26 09:09:33.866301',2);
INSERT INTO files_popularsearch VALUES(10,'goo','2025-02-26 07:17:27.430355',2);
INSERT INTO files_popularsearch VALUES(11,'good','2025-02-26 07:17:23.748550',1);
INSERT INTO files_popularsearch VALUES(12,'go','2025-02-26 07:17:28.665902',1);
INSERT INTO files_popularsearch VALUES(13,'g','2025-02-26 12:03:04.794369',2);
INSERT INTO files_popularsearch VALUES(14,'@','2025-03-06 08:50:17.159437',55);
INSERT INTO files_popularsearch VALUES(15,'@ti','2025-02-26 13:33:48.987996',2);
INSERT INTO files_popularsearch VALUES(16,'@tile','2025-02-26 08:47:07.690442',1);
INSERT INTO files_popularsearch VALUES(17,'@tiles','2025-02-26 08:47:38.806741',3);
INSERT INTO files_popularsearch VALUES(18,'@tiles=','2025-02-26 08:47:10.984779',1);
INSERT INTO files_popularsearch VALUES(19,'@tiles eee','2025-02-26 08:47:39.719055',1);
INSERT INTO files_popularsearch VALUES(20,'@tiles ee','2025-02-26 08:47:40.385630',1);
INSERT INTO files_popularsearch VALUES(21,'@Titles','2025-02-26 08:59:58.414106',1);
INSERT INTO files_popularsearch VALUES(22,'tit','2025-02-26 11:18:55.704596',2);
INSERT INTO files_popularsearch VALUES(23,'title kaleb','2025-02-26 09:09:39.329757',1);
INSERT INTO files_popularsearch VALUES(24,'title k','2025-02-26 09:09:41.102496',1);
INSERT INTO files_popularsearch VALUES(25,'title the','2025-02-26 09:09:42.797122',1);
INSERT INTO files_popularsearch VALUES(26,'k','2025-02-26 13:42:41.624447',2);
INSERT INTO files_popularsearch VALUES(27,'titlw','2025-02-26 11:18:56.419896',1);
INSERT INTO files_popularsearch VALUES(28,'@titles','2025-02-26 13:34:04.367778',5);
INSERT INTO files_popularsearch VALUES(29,'@titles wow','2025-02-26 11:29:53.620346',1);
INSERT INTO files_popularsearch VALUES(30,'@titles wo','2025-02-26 11:29:54.159850',1);
INSERT INTO files_popularsearch VALUES(31,'@titles wowwwwww','2025-02-26 11:29:55.726953',1);
INSERT INTO files_popularsearch VALUES(32,'@titles wowww','2025-02-26 11:29:57.375077',1);
INSERT INTO files_popularsearch VALUES(33,'author:','2025-02-26 11:49:34.700238',2);
INSERT INTO files_popularsearch VALUES(34,'woww','2025-02-26 13:38:03.689721',2);
INSERT INTO files_popularsearch VALUES(35,'@authors','2025-02-26 12:09:06.854819',2);
INSERT INTO files_popularsearch VALUES(36,'@authors wow','2025-02-26 12:04:52.943457',1);
INSERT INTO files_popularsearch VALUES(37,'@authors woww','2025-02-26 12:04:54.828487',2);
INSERT INTO files_popularsearch VALUES(38,'@authors woww this no','2025-02-26 12:04:56.622458',1);
INSERT INTO files_popularsearch VALUES(39,'@authors woww this not','2025-02-26 12:04:57.246272',1);
INSERT INTO files_popularsearch VALUES(40,'@authors woww this not good','2025-02-26 12:04:59.307144',1);
INSERT INTO files_popularsearch VALUES(41,'@authors woww this not goo','2025-02-26 12:05:01.008347',1);
INSERT INTO files_popularsearch VALUES(42,'@date','2025-02-26 12:06:07.153929',1);
INSERT INTO files_popularsearch VALUES(43,'@wow','2025-02-26 12:11:46.165363',1);
INSERT INTO files_popularsearch VALUES(44,'w','2025-02-27 11:51:50.220650',3);
INSERT INTO files_popularsearch VALUES(45,'@author','2025-02-26 13:34:47.492763',2);
INSERT INTO files_popularsearch VALUES(46,'@by','2025-02-26 13:29:35.373372',1);
INSERT INTO files_popularsearch VALUES(47,'@tit','2025-02-26 13:34:03.239933',1);
INSERT INTO files_popularsearch VALUES(48,'@author wow','2025-02-26 13:35:15.784839',2);
INSERT INTO files_popularsearch VALUES(49,'@title','2025-02-26 17:35:36.074319',2);
INSERT INTO files_popularsearch VALUES(50,'@title wow','2025-02-26 13:36:40.797928',1);
INSERT INTO files_popularsearch VALUES(51,'@department','2025-02-26 13:38:50.415414',1);
INSERT INTO files_popularsearch VALUES(52,'kale','2025-02-26 13:42:38.024854',1);
INSERT INTO files_popularsearch VALUES(53,'ww','2025-02-26 18:12:25.542881',2);
INSERT INTO files_popularsearch VALUES(54,'p','2025-02-26 13:50:48.785760',1);
INSERT INTO files_popularsearch VALUES(55,'pr','2025-02-26 13:50:49.417505',1);
INSERT INTO files_popularsearch VALUES(56,'pro','2025-02-26 13:50:50.280844',1);
INSERT INTO files_popularsearch VALUES(57,'c','2025-03-02 13:19:47.646603',2);
INSERT INTO files_popularsearch VALUES(58,'com','2025-03-02 13:19:48.758602',2);
INSERT INTO files_popularsearch VALUES(59,'!','2025-02-26 17:35:29.795220',1);
INSERT INTO files_popularsearch VALUES(60,'wwwww','2025-02-26 18:12:22.644754',1);
INSERT INTO files_popularsearch VALUES(61,'www','2025-02-26 18:12:26.384427',2);
INSERT INTO files_popularsearch VALUES(62,'comp','2025-03-06 07:47:37.448969',2);
INSERT INTO files_popularsearch VALUES(63,'compu','2025-03-06 07:47:37.937292',2);
INSERT INTO files_popularsearch VALUES(64,'computer','2025-03-06 07:47:38.396435',3);
INSERT INTO files_popularsearch VALUES(65,'a','2025-03-06 08:41:43.748382',1);
INSERT INTO files_popularsearch VALUES(66,'','2025-03-07 13:57:19.696940',3);
DELETE FROM sqlite_sequence;
INSERT INTO sqlite_sequence VALUES('django_migrations',31);
INSERT INTO sqlite_sequence VALUES('django_content_type',20);
INSERT INTO sqlite_sequence VALUES('auth_permission',80);
INSERT INTO sqlite_sequence VALUES('auth_group',0);
INSERT INTO sqlite_sequence VALUES('django_admin_log',41);
INSERT INTO sqlite_sequence VALUES('files_customuser',1);
INSERT INTO sqlite_sequence VALUES('files_searchquery',330);
INSERT INTO sqlite_sequence VALUES('files_popularsearch',66);
INSERT INTO sqlite_sequence VALUES('files_request',8);
CREATE UNIQUE INDEX "django_content_type_app_label_model_76bd3d3b_uniq" ON "django_content_type" ("app_label", "model");
CREATE UNIQUE INDEX "auth_group_permissions_group_id_permission_id_0cd325b0_uniq" ON "auth_group_permissions" ("group_id", "permission_id");
CREATE INDEX "auth_group_permissions_group_id_b120cbf9" ON "auth_group_permissions" ("group_id");
CREATE INDEX "auth_group_permissions_permission_id_84c5c92e" ON "auth_group_permissions" ("permission_id");
CREATE UNIQUE INDEX "auth_permission_content_type_id_codename_01ab375a_uniq" ON "auth_permission" ("content_type_id", "codename");
CREATE INDEX "auth_permission_content_type_id_2f476e4b" ON "auth_permission" ("content_type_id");
CREATE UNIQUE INDEX "files_customuser_groups_customuser_id_group_id_793a8a02_uniq" ON "files_customuser_groups" ("customuser_id", "group_id");
CREATE INDEX "files_customuser_groups_customuser_id_9a279217" ON "files_customuser_groups" ("customuser_id");
CREATE INDEX "files_customuser_groups_group_id_d14993ea" ON "files_customuser_groups" ("group_id");
CREATE UNIQUE INDEX "files_customuser_user_permissions_customuser_id_permission_id_6519ac08_uniq" ON "files_customuser_user_permissions" ("customuser_id", "permission_id");
CREATE INDEX "files_customuser_user_permissions_customuser_id_bbdc5375" ON "files_customuser_user_permissions" ("customuser_id");
CREATE INDEX "files_customuser_user_permissions_permission_id_74ed452a" ON "files_customuser_user_permissions" ("permission_id");
CREATE INDEX "files_download_file_id_id_233af841" ON "files_download" ("file_id_id");
CREATE INDEX "Authentication_departmenthead_department_id_id_468d26df" ON "Authentication_departmenthead" ("department_id_id");
CREATE INDEX "Authentication_teacher_department_id_id_49f543ee" ON "Authentication_teacher" ("department_id_id");
CREATE INDEX "django_admin_log_content_type_id_c4bce8eb" ON "django_admin_log" ("content_type_id");
CREATE INDEX "django_admin_log_user_id_c564eba6" ON "django_admin_log" ("user_id");
CREATE INDEX "django_session_expire_date_a5c62663" ON "django_session" ("expire_date");
CREATE INDEX "files_filesystem_department_id_b13a63c6" ON "files_filesystem" ("department_id");
CREATE INDEX "files_filesystem_uploaded_by_type_id_0d0dc429" ON "files_filesystem" ("uploaded_by_type_id");
CREATE INDEX "Authentication_student_department_id_id_ae8af734" ON "Authentication_student" ("department_id_id");
COMMIT;
